,total_object,predClasses,confidences,bboxes,time_per_frame
0,13,"['car', 'car', 'car', 'person', 'person', 'person', 'person', 'person', 'person', 'car', 'car', 'car', 'person']","[0.9778326749801631, 0.89785236120224, 0.9949074387550351, 0.985072791576385, 0.991262316703796, 0.9873830080032341, 0.982609689235687, 0.8685455322265621, 0.9883232116699211, 0.9911274313926691, 0.9413290023803711, 0.7936769723892211, 0.885008752346038]","[[169, 376, 231, 136], [651, 376, 76, 69], [167, 370, 235, 152], [579, 363, 103, 177], [751, 379, 89, 124], [918, 353, 59, 200], [1116, 369, 58, 146], [419, 391, 70, 153], [987, 350, 82, 232], [0, 395, 203, 197], [532, 385, 52, 40], [591, 391, 31, 27], [1081, 382, 24, 56]]",1.039422273635864
