confMask,classIds,total_faces,confFace,bboxes,time_per_frame
"[99.39213991165161, 99.92938041687012]","['face', 'face', 'Mask', 'Mask']",2,"[81.2832772731781, 62.078750133514404]","[[111, 252, 321, 515], [521, 188, 740, 494]]",0.48635458946228005
