,time_per_frame,total_faces,confidences,bboxes
0,0.168866872787475,4,0.999984860420227,"[522, 91, 642, 237]"
1,0.168866872787475,4,0.9999645948410031,"[247, 44, 357, 183]"
2,0.168866872787475,4,0.99983525276184,"[79, 130, 212, 299]"
3,0.168866872787475,4,0.998359382152557,"[395, 171, 514, 296]"
