,total_object,predClasses,confidences,bboxes,time_per_frame
0,3,"['person', 'person', 'person']","[0.9899376630783081, 0.9568634033203121, 0.875804126262664]","[[474, 61, 751, 503], [4, 60, 404, 506], [199, 94, 593, 496]]",0.091445922851562
