total_object,predClasses,confidences,bboxes,time_per_frame
3,bicycle,0.9975678324699402,"(81, 132, 571, 422)",0.032340049743652344
3,car,0.9936374425888062,"(460, 71, 687, 172)",0.032340049743652344
3,dog,0.9670243859291077,"(138, 209, 326, 537)",0.032340049743652344
