frameIdx,processed_on,height,width,motion_status,pixel_count,total_object,predClasses,confidences,bboxes,time_per_frame
15,Sunday 06 November 2022 07:47:54PM,720,1280,True,921600,0,[],[],[],0.02793145179748535
30,Sunday 06 November 2022 07:47:54PM,720,1280,True,921600,1,['person'],[0.6467978954315186],"[(745, 495, 862, 720)]",0.024225473403930664
45,Sunday 06 November 2022 07:47:54PM,720,1280,True,921600,0,[],[],[],0.022324085235595703
60,Sunday 06 November 2022 07:47:55PM,720,1280,True,921600,1,['person'],[0.7043589353561401],"[(847, 407, 959, 607)]",0.022518157958984375
75,Sunday 06 November 2022 07:47:55PM,720,1280,True,219947,0,[],[],[],0.02312779426574707
90,Sunday 06 November 2022 07:47:55PM,720,1280,True,136229,1,['person'],[0.8557431697845459],"[(924, 330, 1008, 526)]",0.023483991622924805
