total_object,predClasses,confidences,bboxes,time_per_frame
4,face,99.9984860420227,"(522, 91, 642, 237)",0.138779878616333
4,face,99.99645948410034,"(247, 44, 357, 183)",0.138779878616333
4,face,99.98352527618408,"(79, 130, 212, 299)",0.138779878616333
4,face,99.83593821525574,"(395, 171, 514, 296)",0.138779878616333
