total_object,predClasses,confidences,bboxes,time_per_frame
2,Mask,99.39213991165161,"(111, 252, 321, 515)",0.8753633499145508
2,Mask,99.92938041687012,"(521, 188, 740, 494)",0.8753633499145508
